{
    "micro_IoU": 0.8919837896609667,
    "micro_Precision": 0.9429084905857522,
    "micro_Recall": 0.9429084905857522,
    "micro_F1-score": 0.9429084905857522,
    "MACRO_IoU": 0.5169095977679106,
    "MACRO_Precision": 0.678422839964355,
    "MACRO_Recall": 0.5934361114204593,
    "MACRO_F1-score": 0.6217369786335853,
    "Accuracy": 0.9429084905857522
}